"","district_year","district","districtName","year","bodily harm","dangerous bodily harm","violent crime","murder and manslaughter","robbery"
"1","1001y2013",1001,"Flensburg",2013,"651","223","329","0","97"
"2","1002y2013",1002,"Kiel",2013,"1948","640","937","5","258"
"3","1003y2013",1003,"Lübeck",2013,"1926","658","948","3","255"
"4","1004y2013",1004,"Neumünster",2013,"860","226","318","1","75"
"5","10041y2013",10041,"Regionalverband Saarbrücken",2013,"2274","879","1286","8","366"
"6","10042y2013",10042,"Merzig-Wadern",2013,"364","114","163","3","33"
"7","10043y2013",10043,"Neunkirchen",2013,"644","192","278","2","62"
"8","10044y2013",10044,"Saarlouis",2013,"939","301","399","1","80"
"9","10045y2013",10045,"Saarpfalz-Kreis",2013,"497","217","272","4","42"
"10","10046y2013",10046,"St. Wendel",2013,"272","82","100","1","12"
"11","1051y2013",1051,"Dithmarschen",2013,"596","126","194","0","58"
"12","1053y2013",1053,"Herzogtum Lauenburg",2013,"813","222","307","3","66"
"13","1054y2013",1054,"Nordfriesland",2013,"874","215","288","3","54"
"14","1055y2013",1055,"Ostholstein",2013,"904","245","324","6","52"
"15","1056y2013",1056,"Pinneberg",2013,"1551","433","592","6","127"
"16","1057y2013",1057,"Plön",2013,"514","123","152","0","20"
"17","1058y2013",1058,"Rendsburg-Eckernförde",2013,"1100","338","459","4","78"
"18","1059y2013",1059,"Schleswig-Flensburg",2013,"704","167","228","6","36"
"19","1060y2013",1060,"Segeberg",2013,"1026","249","388","4","105"
"20","1061y2013",1061,"Steinburg",2013,"550","139","227","1","69"
"21","1062y2013",1062,"Stormarn",2013,"831","204","297","5","70"
"22","11y2013",11,"Berlin",2013,"28924","10340","17275","106","6222"
"23","12051y2013",12051,"Brandenburg an der Havel",2013,"415","94","147","1","42"
"24","12052y2013",12052,"Cottbus",2013,"456","186","270","1","64"
"25","12053y2013",12053,"Frankfurt (Oder)",2013,"286","108","169","2","54"
"26","12054y2013",12054,"Potsdam",2013,"704","220","339","5","99"
"27","12060y2013",12060,"Barnim",2013,"659","225","299","6","60"
"28","12061y2013",12061,"Dahme-Spreewald",2013,"540","171","254","4","68"
"29","12062y2013",12062,"Elbe-Elster",2013,"370","127","170","4","29"
"30","12063y2013",12063,"Havelland",2013,"559","207","283","2","64"
"31","12064y2013",12064,"Märkisch-Oderland",2013,"603","202","288","5","68"
"32","12065y2013",12065,"Oberhavel",2013,"943","262","359","1","69"
"33","12066y2013",12066,"Oberspreewald-Lausitz",2013,"407","125","161","2","26"
"34","12067y2013",12067,"Oder-Spree",2013,"463","168","287","3","95"
"35","12068y2013",12068,"Ostprignitz-Ruppin",2013,"472","153","201","3","36"
"36","12069y2013",12069,"Potsdam-Mittelmark",2013,"608","176","243","3","49"
"37","12070y2013",12070,"Prignitz",2013,"445","84","121","2","27"
"38","12071y2013",12071,"Spree-Neiße",2013,"400","129","187","3","43"
"39","12072y2013",12072,"Teltow-Fläming",2013,"564","159","247","9","68"
"40","12073y2013",12073,"Uckermark",2013,"403","168","227","6","49"
"41","13003y2013",13003,"Rostock",2013,"937","459","659","9","184"
"42","13004y2013",13004,"Schwerin",2013,"669","220","295","5","65"
"43","13071y2013",13071,"Mecklenburgische Seenplatte",2013,"1005","316","403","3","79"
"44","13072y2013",13072,"Landkreis Rostock",2013,"698","248","313","5","52"
"45","13073y2013",13073,"Vorpommern-Rügen",2013,"1155","328","421","4","66"
"46","13074y2013",13074,"Nordwestmecklenburg",2013,"694","204","256","5","46"
"47","13075y2013",13075,"Vorpommern-Greifswald",2013,"973","396","527","6","118"
"48","13076y2013",13076,"Ludwigslust-Parchim",2013,"737","299","390","3","77"
"49","14511y2013",14511,"Chemnitz",2013,"900","350","480","5","122"
"50","14521y2013",14521,"Erzgebirgskreis",2013,"727","228","302","3","63"
"51","14522y2013",14522,"Mittelsachsen",2013,"792","248","332","4","75"
"52","14523y2013",14523,"Vogtlandkreis",2013,"696","168","238","6","54"
"53","14524y2013",14524,"Zwickau",2013,"1069","361","504","5","129"
"54","14612y2013",14612,"Dresden",2013,"2014","709","1065","11","321"
"55","14625y2013",14625,"Bautzen",2013,"1017","236","346","3","98"
"56","14626y2013",14626,"Görlitz",2013,"1195","312","479","7","153"
"57","14627y2013",14627,"Meißen",2013,"636","172","243","4","60"
"58","14628y2013",14628,"Sächsische Schweiz-Osterzgebirge",2013,"636","157","234","3","68"
"59","14713y2013",14713,"Leipzig",2013,"2616","1053","1615","16","523"
"60","14729y2013",14729,"Leipzig",2013,"875","210","291","7","64"
"61","14730y2013",14730,"Nordsachsen",2013,"710","186","266","2","74"
"62","15001y2013",15001,"Dessau-Roßlau",2013,"453","190","281","5","78"
"63","15002y2013",15002,"Halle (Saale)",2013,"1807","620","909","12","249"
"64","15003y2013",15003,"Magdeburg",2013,"1336","485","800","11","274"
"65","15081y2013",15081,"Altmarkkreis Salzwedel",2013,"339","138","175","0","29"
"66","15082y2013",15082,"Anhalt-Bitterfeld",2013,"695","237","323","9","62"
"67","15083y2013",15083,"Börde",2013,"665","209","272","8","41"
"68","15084y2013",15084,"Burgenlandkreis",2013,"842","236","342","8","87"
"69","15085y2013",15085,"Harz",2013,"814","312","431","5","91"
"70","15086y2013",15086,"Jerichower Land",2013,"374","125","161","1","29"
"71","15087y2013",15087,"Mansfeld-Südharz",2013,"871","185","237","1","40"
"72","15088y2013",15088,"Saalekreis",2013,"952","219","322","4","87"
"73","15089y2013",15089,"Salzlandkreis",2013,"929","275","380","13","78"
"74","15090y2013",15090,"Stendal",2013,"558","177","236","2","44"
"75","15091y2013",15091,"Wittenberg",2013,"539","181","249","0","54"
"76","16051y2013",16051,"Erfurt",2013,"1732","548","716","6","142"
"77","16052y2013",16052,"Gera",2013,"778","229","282","1","49"
"78","16053y2013",16053,"Jena",2013,"484","167","210","3","29"
"79","16054y2013",16054,"Suhl",2013,"218","89","108","0","13"
"80","16055y2013",16055,"Weimar",2013,"411","129","174","1","35"
"81","16056y2013",16056,"Eisenach",2013,"281","93","124","3","25"
"82","16061y2013",16061,"Eichsfeld",2013,"261","73","90","4","9"
"83","16062y2013",16062,"Nordhausen",2013,"323","111","144","3","23"
"84","16063y2013",16063,"Wartburgkreis",2013,"335","104","123","0","11"
"85","16064y2013",16064,"Unstrut-Hainich-Kreis",2013,"427","142","207","2","51"
"86","16065y2013",16065,"Kyffhäuserkreis",2013,"324","97","127","4","17"
"87","16066y2013",16066,"Schmalkalden-Meiningen",2013,"509","117","162","1","34"
"88","16067y2013",16067,"Gotha",2013,"558","160","213","2","43"
"89","16068y2013",16068,"Sömmerda",2013,"301","83","103","0","13"
"90","16069y2013",16069,"Hildburghausen",2013,"249","44","61","2","11"
"91","16070y2013",16070,"Ilm-Kreis",2013,"539","186","249","0","56"
"92","16071y2013",16071,"Weimarer Land",2013,"345","103","140","1","31"
"93","16072y2013",16072,"Sonneberg",2013,"267","86","106","0","17"
"94","16073y2013",16073,"Saalfeld-Rudolstadt",2013,"725","184","213","2","18"
"95","16074y2013",16074,"Saale-Holzland-Kreis",2013,"351","78","98","2","13"
"96","16075y2013",16075,"Saale-Orla-Kreis",2013,"507","96","114","0","13"
"97","16076y2013",16076,"Greiz",2013,"377","104","128","2","17"
"98","16077y2013",16077,"Altenburger Land",2013,"458","119","164","2","38"
"99","2y2013",2,"Hamburg",2013,"14703","5406","8665","56","3046"
"100","3101y2013",3101,"Braunschweig",2013,"1772","750","997","10","202"
"101","3102y2013",3102,"Salzgitter",2013,"466","171","227","3","41"
"102","3103y2013",3103,"Wolfsburg",2013,"577","162","255","7","73"
"103","3151y2013",3151,"Gifhorn",2013,"686","219","285","4","42"
"104","3152y2013",3152,"Göttingen",2013,"1349","454","592","8","109"
"105","3153y2013",3153,"Goslar",2013,"739","242","340","5","70"
"106","3154y2013",3154,"Helmstedt",2013,"385","152","187","2","22"
"107","3155y2013",3155,"Northeim",2013,"540","184","238","3","39"
"108","3156y2013",3156,"Osterode am Harz",2013,"291","84","113","1","19"
"109","3157y2013",3157,"Peine",2013,"397","152","187","5","18"
"110","3158y2013",3158,"Wolfenbüttel",2013,"366","116","158","6","24"
"111","3241y2013",3241,"Region Hannover",2013,"7429","2719","3701","31","801"
"112","3251y2013",3251,"Diepholz",2013,"775","231","354","8","90"
"113","3252y2013",3252,"Hameln-Pyrmont",2013,"714","293","371","8","53"
"114","3254y2013",3254,"Hildesheim",2013,"1393","434","579","7","104"
"115","3255y2013",3255,"Holzminden",2013,"291","111","136","3","17"
"116","3256y2013",3256,"Nienburg (Weser)",2013,"388","143","230","9","65"
"117","3257y2013",3257,"Schaumburg",2013,"534","189","272","3","65"
"118","3351y2013",3351,"Celle",2013,"919","312","423","13","69"
"119","3352y2013",3352,"Cuxhaven",2013,"744","330","449","5","92"
"120","3353y2013",3353,"Harburg",2013,"879","238","355","9","84"
"121","3354y2013",3354,"Lüchow-Dannenberg",2013,"170","63","85","3","12"
"122","3355y2013",3355,"Lüneburg",2013,"1018","331","440","3","92"
"123","3356y2013",3356,"Osterholz",2013,"392","153","218","5","50"
"124","3357y2013",3357,"Rotenburg (Wümme)",2013,"848","347","472","12","82"
"125","3358y2013",3358,"Landkreis Heidekreis",2013,"828","268","353","8","51"
"126","3359y2013",3359,"Stade",2013,"710","231","367","6","112"
"127","3360y2013",3360,"Uelzen",2013,"312","96","145","2","35"
"128","3361y2013",3361,"Verden",2013,"544","171","260","9","53"
"129","3401y2013",3401,"Delmenhorst",2013,"428","156","248","0","82"
"130","3402y2013",3402,"Emden",2013,"380","153","195","0","32"
"131","3403y2013",3403,"Oldenburg (Oldenburg)",2013,"807","279","439","5","134"
"132","3404y2013",3404,"Osnabrück",2013,"1032","556","816","5","219"
"133","3405y2013",3405,"Wilhelmshaven",2013,"617","275","369","3","72"
"134","3451y2013",3451,"Ammerland",2013,"323","100","140","4","25"
"135","3452y2013",3452,"Aurich",2013,"979","390","467","3","56"
"136","3453y2013",3453,"Cloppenburg",2013,"684","193","249","0","38"
"137","3454y2013",3454,"Emsland",2013,"1434","509","647","7","100"
"138","3455y2013",3455,"Friesland",2013,"523","144","189","5","30"
"139","3456y2013",3456,"Grafschaft Bentheim",2013,"469","171","225","2","45"
"140","3457y2013",3457,"Leer",2013,"635","193","263","3","52"
"141","3458y2013",3458,"Oldenburg",2013,"432","141","177","3","26"
"142","3459y2013",3459,"Osnabrück",2013,"902","291","455","7","118"
"143","3460y2013",3460,"Vechta",2013,"494","224","312","5","69"
"144","3461y2013",3461,"Wesermarsch",2013,"342","132","177","3","31"
"145","3462y2013",3462,"Wittmund",2013,"246","79","97","1","8"
"146","4011y2013",4011,"Bremen",2013,"3979","1529","2639","14","1018"
"147","4012y2013",4012,"Bremerhaven",2013,"981","334","588","7","223"
"148","5111y2013",5111,"Düsseldorf",2013,"3894","1463","2609","12","1023"
"149","5112y2013",5112,"Duisburg",2013,"2835","1160","1879","22","638"
"150","5113y2013",5113,"Essen",2013,"2595","1136","1924","11","699"
"151","5114y2013",5114,"Krefeld",2013,"1562","460","733","2","239"
"152","5116y2013",5116,"Mönchengladbach",2013,"1269","575","853","8","234"
"153","5117y2013",5117,"Mülheim an der Ruhr",2013,"599","242","389","4","126"
"154","5119y2013",5119,"Oberhausen",2013,"1181","370","581","4","187"
"155","5120y2013",5120,"Remscheid",2013,"661","173","249","1","66"
"156","5122y2013",5122,"Solingen",2013,"725","248","368","3","108"
"157","5124y2013",5124,"Wuppertal",2013,"2470","650","1152","6","451"
"158","5154y2013",5154,"Kleve",2013,"1097","345","515","6","148"
"159","5158y2013",5158,"Mettmann",2013,"2037","687","945","10","219"
"160","5162y2013",5162,"Rhein-Kreis Neuss",2013,"1657","478","748","2","224"
"161","5166y2013",5166,"Viersen",2013,"943","287","425","6","114"
"162","5170y2013",5170,"Wesel",2013,"2085","672","980","2","286"
"163","5314y2013",5314,"Bonn",2013,"1749","679","1185","0","457"
"164","5315y2013",5315,"Köln",2013,"8615","3488","5574","35","1851"
"165","5316y2013",5316,"Leverkusen",2013,"967","371","552","4","161"
"166","5334y2013",5334,"Aachen",2013,"2987","1321","2058","20","649"
"167","5358y2013",5358,"Düren",2013,"1297","443","665","7","189"
"168","5362y2013",5362,"Rhein-Erft-Kreis",2013,"2166","643","1052","13","340"
"169","5366y2013",5366,"Euskirchen",2013,"649","254","345","2","81"
"170","5370y2013",5370,"Heinsberg",2013,"1095","344","503","5","125"
"171","5374y2013",5374,"Oberbergischer Kreis",2013,"964","328","464","6","101"
"172","5378y2013",5378,"Rheinisch-Bergischer Kreis",2013,"904","248","360","1","90"
"173","5382y2013",5382,"Rhein-Sieg-Kreis",2013,"1752","662","1036","10","313"
"174","5512y2013",5512,"Bottrop",2013,"471","190","273","4","71"
"175","5513y2013",5513,"Gelsenkirchen",2013,"1737","613","1025","8","376"
"176","5515y2013",5515,"Münster",2013,"1587","559","833","1","243"
"177","5554y2013",5554,"Borken",2013,"1453","395","563","3","142"
"178","5558y2013",5558,"Coesfeld",2013,"786","204","295","1","74"
"179","5562y2013",5562,"Recklinghausen",2013,"2858","966","1505","11","452"
"180","5566y2013",5566,"Steinfurt",2013,"1572","429","598","1","141"
"181","5570y2013",5570,"Warendorf",2013,"939","229","335","2","78"
"182","5711y2013",5711,"Bielefeld",2013,"1648","474","724","3","200"
"183","5754y2013",5754,"Gütersloh",2013,"1068","364","533","8","139"
"184","5758y2013",5758,"Herford",2013,"823","241","382","5","115"
"185","5762y2013",5762,"Höxter",2013,"561","185","218","2","24"
"186","5766y2013",5766,"Lippe",2013,"828","408","574","10","124"
"187","5770y2013",5770,"Minden-Lübbecke",2013,"810","302","470","7","138"
"188","5774y2013",5774,"Paderborn",2013,"1086","412","566","3","120"
"189","5911y2013",5911,"Bochum",2013,"2466","872","1337","9","417"
"190","5913y2013",5913,"Dortmund",2013,"3975","1935","3257","19","1221"
"191","5914y2013",5914,"Hagen",2013,"1010","320","553","2","212"
"192","5915y2013",5915,"Hamm",2013,"793","297","455","4","120"
"193","5916y2013",5916,"Herne",2013,"1015","246","409","3","146"
"194","5954y2013",5954,"Ennepe-Ruhr-Kreis",2013,"1328","395","589","4","173"
"195","5958y2013",5958,"Hochsauerlandkreis",2013,"949","232","358","9","89"
"196","5962y2013",5962,"Märkischer Kreis",2013,"2117","583","875","14","234"
"197","5966y2013",5966,"Olpe",2013,"560","170","209","1","33"
"198","5970y2013",5970,"Siegen-Wittgenstein",2013,"1112","381","483","1","81"
"199","5974y2013",5974,"Soest",2013,"1245","372","521","4","118"
"200","5978y2013",5978,"Unna",2013,"1676","556","872","5","272"
"201","6411y2013",6411,"Darmstadt",2013,"574","315","438","1","109"
"202","6412y2013",6412,"Frankfurt am Main",2013,"3914","2176","3315","34","1016"
"203","6413y2013",6413,"Offenbach am Main",2013,"568","314","558","8","210"
"204","6414y2013",6414,"Wiesbaden",2013,"1635","792","1062","13","222"
"205","6431y2013",6431,"Bergstraße",2013,"537","228","324","10","79"
"206","6432y2013",6432,"Darmstadt-Dieburg",2013,"583","236","308","7","56"
"207","6433y2013",6433,"Groß-Gerau",2013,"454","202","289","5","67"
"208","6434y2013",6434,"Hochtaunuskreis",2013,"600","213","309","9","69"
"209","6435y2013",6435,"Main-Kinzig-Kreis",2013,"908","350","582","16","175"
"210","6436y2013",6436,"Main-Taunus-Kreis",2013,"621","275","356","3","64"
"211","6437y2013",6437,"Odenwaldkreis",2013,"193","76","102","0","22"
"212","6438y2013",6438,"Offenbach",2013,"831","375","582","6","175"
"213","6439y2013",6439,"Rheingau-Taunus-Kreis",2013,"420","149","203","3","35"
"214","6440y2013",6440,"Wetteraukreis",2013,"786","292","408","15","89"
"215","6531y2013",6531,"Gießen",2013,"880","350","512","22","111"
"216","6532y2013",6532,"Lahn-Dill-Kreis",2013,"584","216","320","25","62"
"217","6533y2013",6533,"Limburg-Weilburg",2013,"464","212","280","11","39"
"218","6534y2013",6534,"Marburg-Biedenkopf",2013,"835","251","371","11","83"
"219","6535y2013",6535,"Vogelsbergkreis",2013,"275","91","119","5","15"
"220","6611y2013",6611,"Kassel",2013,"936","483","769","16","246"
"221","6631y2013",6631,"Fulda",2013,"622","249","342","7","74"
"222","6632y2013",6632,"Hersfeld-Rotenburg",2013,"391","136","207","7","59"
"223","6633y2013",6633,"Kassel",2013,"407","198","256","3","44"
"224","6634y2013",6634,"Schwalm-Eder-Kreis",2013,"413","165","244","8","56"
"225","6635y2013",6635,"Waldeck-Frankenberg",2013,"412","135","192","3","44"
"226","6636y2013",6636,"Werra-Meißner-Kreis",2013,"328","95","137","6","25"
"227","7111y2013",7111,"Koblenz",2013,"1077","343","429","2","77"
"228","7131y2013",7131,"Ahrweiler",2013,"596","211","258","1","35"
"229","7132y2013",7132,"Altenkirchen (Westerwald)",2013,"704","231","270","0","32"
"230","7133y2013",7133,"Bad Kreuznach",2013,"871","270","372","4","79"
"231","7134y2013",7134,"Birkenfeld",2013,"393","107","132","2","13"
"232","7135y2013",7135,"Cochem-Zell",2013,"301","72","83","2","7"
"233","7137y2013",7137,"Mayen-Koblenz",2013,"860","286","350","3","47"
"234","7138y2013",7138,"Neuwied",2013,"811","237","330","4","72"
"235","7140y2013",7140,"Rhein-Hunsrück-Kreis",2013,"276","101","132","0","24"
"236","7141y2013",7141,"Rhein-Lahn-Kreis",2013,"495","139","177","0","24"
"237","7143y2013",7143,"Westerwaldkreis",2013,"827","202","251","2","29"
"238","7211y2013",7211,"Trier",2013,"893","305","413","1","101"
"239","7231y2013",7231,"Bernkastel-Wittlich",2013,"508","149","186","3","19"
"240","7232y2013",7232,"Eifelkreis Bitburg-Prüm",2013,"284","89","117","0","17"
"241","7233y2013",7233,"Vulkaneifel",2013,"258","68","80","1","7"
"242","7235y2013",7235,"Trier-Saarburg",2013,"406","130","157","1","18"
"243","7311y2013",7311,"Frankenthal (Pfalz)",2013,"357","110","158","0","42"
"244","7312y2013",7312,"Kaiserslautern",2013,"1150","457","592","3","122"
"245","7313y2013",7313,"Landau in der Pfalz",2013,"329","116","154","0","29"
"246","7314y2013",7314,"Ludwigshafen am Rhein",2013,"1770","560","795","5","202"
"247","7315y2013",7315,"Mainz",2013,"1786","597","754","7","131"
"248","7316y2013",7316,"Neustadt an der Weinstraße",2013,"339","172","196","1","18"
"249","7317y2013",7317,"Pirmasens",2013,"309","122","167","3","38"
"250","7318y2013",7318,"Speyer",2013,"412","112","149","0","31"
"251","7319y2013",7319,"Worms",2013,"573","239","371","0","114"
"252","7320y2013",7320,"Zweibrücken",2013,"185","53","71","0","17"
"253","7331y2013",7331,"Alzey-Worms",2013,"404","131","164","2","24"
"254","7332y2013",7332,"Bad Dürkheim",2013,"703","226","283","0","50"
"255","7333y2013",7333,"Donnersbergkreis",2013,"303","117","147","0","28"
"256","7334y2013",7334,"Germersheim",2013,"636","177","208","1","22"
"257","7335y2013",7335,"Kaiserslautern",2013,"423","122","143","0","16"
"258","7336y2013",7336,"Kusel",2013,"277","86","100","1","11"
"259","7337y2013",7337,"Südliche Weinstraße",2013,"431","135","154","0","11"
"260","7338y2013",7338,"Rhein-Pfalz-Kreis",2013,"652","156","215","1","39"
"261","7339y2013",7339,"Mainz-Bingen",2013,"883","211","266","4","37"
"262","7340y2013",7340,"Südwestpfalz",2013,"190","66","83","1","6"
"263","8111y2013",8111,"Stuttgart",2013,"4758","1567","2272","19","576"
"264","8115y2013",8115,"Böblingen",2013,"1319","319","423","10","65"
"265","8116y2013",8116,"Esslingen",2013,"1521","499","644","16","103"
"266","8117y2013",8117,"Göppingen",2013,"780","214","316","6","75"
"267","8118y2013",8118,"Ludwigsburg",2013,"1709","412","577","10","123"
"268","8119y2013",8119,"Rems-Murr-Kreis",2013,"1577","420","541","12","94"
"269","8121y2013",8121,"Heilbronn",2013,"619","221","297","4","63"
"270","8125y2013",8125,"Heilbronn",2013,"674","206","273","4","39"
"271","8126y2013",8126,"Hohenlohekreis",2013,"271","100","121","1","11"
"272","8127y2013",8127,"Schwäbisch Hall",2013,"522","152","211","3","43"
"273","8128y2013",8128,"Main-Tauber-Kreis",2013,"278","56","87","2","18"
"274","8135y2013",8135,"Heidenheim",2013,"352","150","191","1","28"
"275","8136y2013",8136,"Ostalbkreis",2013,"849","297","395","5","68"
"276","8211y2013",8211,"Baden-Baden",2013,"214","86","118","7","22"
"277","8212y2013",8212,"Karlsruhe",2013,"1413","685","940","9","226"
"278","8215y2013",8215,"Karlsruhe",2013,"921","310","440","8","91"
"279","8216y2013",8216,"Rastatt",2013,"669","243","324","6","60"
"280","8221y2013",8221,"Heidelberg",2013,"711","276","366","3","78"
"281","8222y2013",8222,"Mannheim",2013,"1474","809","1159","20","279"
"282","8225y2013",8225,"Neckar-Odenwald-Kreis",2013,"356","103","157","2","41"
"283","8226y2013",8226,"Rhein-Neckar-Kreis",2013,"1405","453","584","11","95"
"284","8231y2013",8231,"Pforzheim",2013,"775","205","298","3","74"
"285","8235y2013",8235,"Calw",2013,"397","76","115","11","15"
"286","8236y2013",8236,"Enzkreis",2013,"366","86","124","2","32"
"287","8237y2013",8237,"Freudenstadt",2013,"329","136","161","4","14"
"288","8311y2013",8311,"Freiburg im Breisgau",2013,"2106","671","870","6","161"
"289","8315y2013",8315,"Breisgau-Hochschwarzwald",2013,"987","245","311","5","48"
"290","8316y2013",8316,"Emmendingen",2013,"566","171","230","1","38"
"291","8317y2013",8317,"Ortenaukreis",2013,"1400","369","575","14","151"
"292","8325y2013",8325,"Rottweil",2013,"298","106","130","3","21"
"293","8326y2013",8326,"Schwarzwald-Baar-Kreis",2013,"456","198","269","2","53"
"294","8327y2013",8327,"Tuttlingen",2013,"454","135","176","3","31"
"295","8335y2013",8335,"Konstanz",2013,"1111","359","489","13","83"
"296","8336y2013",8336,"Lörrach",2013,"1069","275","378","3","76"
"297","8337y2013",8337,"Waldshut",2013,"525","136","191","3","37"
"298","8415y2013",8415,"Reutlingen",2013,"1009","360","447","13","52"
"299","8416y2013",8416,"Tübingen",2013,"721","198","249","5","33"
"300","8417y2013",8417,"Zollernalbkreis",2013,"527","213","253","2","26"
"301","8421y2013",8421,"Ulm",2013,"663","256","368","8","88"
"302","8425y2013",8425,"Alb-Donau-Kreis",2013,"337","110","154","4","25"
"303","8426y2013",8426,"Biberach",2013,"679","136","175","3","26"
"304","8435y2013",8435,"Bodenseekreis",2013,"646","204","251","2","30"
"305","8436y2013",8436,"Ravensburg",2013,"1201","385","477","7","68"
"306","8437y2013",8437,"Sigmaringen",2013,"408","144","176","4","16"
"307","9161y2013",9161,"Ingolstadt",2013,"1071","315","378","9","44"
"308","9162y2013",9162,"München",2013,"8816","3339","4070","37","541"
"309","9163y2013",9163,"Rosenheim",2013,"721","208","252","6","24"
"310","9171y2013",9171,"Altötting",2013,"404","107","133","4","20"
"311","9172y2013",9172,"Berchtesgadener Land",2013,"339","66","101","5","20"
"312","9173y2013",9173,"Bad Tölz-Wolfratshausen",2013,"390","90","113","3","18"
"313","9174y2013",9174,"Dachau",2013,"435","104","140","1","21"
"314","9175y2013",9175,"Ebersberg",2013,"321","109","138","2","18"
"315","9176y2013",9176,"Eichstätt",2013,"265","93","110","0","7"
"316","9177y2013",9177,"Erding",2013,"409","115","142","1","15"
"317","9178y2013",9178,"Freising",2013,"459","142","175","0","18"
"318","9179y2013",9179,"Fürstenfeldbruck",2013,"608","136","176","3","29"
"319","9180y2013",9180,"Garmisch-Partenkirchen",2013,"250","64","76","4","5"
"320","9181y2013",9181,"Landsberg am Lech",2013,"335","78","103","3","11"
"321","9182y2013",9182,"Miesbach",2013,"256","86","105","4","6"
"322","9183y2013",9183,"Mühldorf a.Inn",2013,"384","86","121","4","17"
"323","9184y2013",9184,"München",2013,"740","283","348","2","46"
"324","9185y2013",9185,"Neuburg-Schrobenhausen",2013,"402","115","140","0","12"
"325","9186y2013",9186,"Pfaffenhofen a.d.Ilm",2013,"526","144","167","6","13"
"326","9187y2013",9187,"Rosenheim",2013,"830","191","224","9","17"
"327","9188y2013",9188,"Starnberg",2013,"285","91","124","3","19"
"328","9189y2013",9189,"Traunstein",2013,"593","163","195","6","19"
"329","9190y2013",9190,"Weilheim-Schongau",2013,"424","87","104","1","14"
"330","9261y2013",9261,"Landshut",2013,"774","192","236","1","38"
"331","9262y2013",9262,"Passau",2013,"421","113","148","6","27"
"332","9263y2013",9263,"Straubing",2013,"423","113","154","1","23"
"333","9271y2013",9271,"Deggendorf",2013,"575","154","185","4","17"
"334","9272y2013",9272,"Freyung-Grafenau",2013,"234","52","63","0","4"
"335","9273y2013",9273,"Kelheim",2013,"403","128","144","0","10"
"336","9274y2013",9274,"Landshut",2013,"495","115","140","2","18"
"337","9275y2013",9275,"Passau",2013,"555","124","150","4","17"
"338","9276y2013",9276,"Regen",2013,"252","58","71","3","3"
"339","9277y2013",9277,"Rottal-Inn",2013,"443","137","161","10","8"
"340","9278y2013",9278,"Straubing-Bogen",2013,"265","53","65","1","4"
"341","9279y2013",9279,"Dingolfing-Landau",2013,"364","91","104","1","8"
"342","9361y2013",9361,"Amberg",2013,"279","58","78","0","17"
"343","9362y2013",9362,"Regensburg",2013,"1178","323","441","5","94"
"344","9363y2013",9363,"Weiden i.d.OPf.",2013,"406","106","134","6","20"
"345","9371y2013",9371,"Amberg-Sulzbach",2013,"238","77","95","0","12"
"346","9372y2013",9372,"Cham",2013,"404","96","108","0","6"
"347","9373y2013",9373,"Neumarkt i.d.OPf.",2013,"391","98","110","2","4"
"348","9374y2013",9374,"Neustadt a.d.Waldnaab",2013,"329","96","114","2","7"
"349","9375y2013",9375,"Regensburg",2013,"438","92","118","4","13"
"350","9376y2013",9376,"Schwandorf",2013,"510","145","172","1","18"
"351","9377y2013",9377,"Tirschenreuth",2013,"182","37","54","2","9"
"352","9461y2013",9461,"Bamberg",2013,"536","146","182","5","24"
"353","9462y2013",9462,"Bayreuth",2013,"459","168","216","9","25"
"354","9463y2013",9463,"Coburg",2013,"387","94","132","12","21"
"355","9464y2013",9464,"Hof",2013,"491","125","173","2","38"
"356","9471y2013",9471,"Bamberg",2013,"449","154","173","3","8"
"357","9472y2013",9472,"Bayreuth",2013,"287","68","84","1","8"
"358","9473y2013",9473,"Coburg",2013,"294","82","108","8","11"
"359","9474y2013",9474,"Forchheim",2013,"326","79","99","9","8"
"360","9475y2013",9475,"Hof",2013,"394","83","103","4","14"
"361","9476y2013",9476,"Kronach",2013,"260","81","108","8","12"
"362","9477y2013",9477,"Kulmbach",2013,"360","84","109","7","9"
"363","9478y2013",9478,"Lichtenfels",2013,"355","93","130","12","22"
"364","9479y2013",9479,"Wunsiedel i.Fichtelgebirge",2013,"372","77","93","1","11"
"365","9561y2013",9561,"Ansbach",2013,"266","72","97","4","17"
"366","9562y2013",9562,"Erlangen",2013,"626","186","228","5","30"
"367","9563y2013",9563,"Fürth",2013,"527","177","251","8","45"
"368","9564y2013",9564,"Nürnberg",2013,"4218","1454","1914","25","359"
"369","9565y2013",9565,"Schwabach",2013,"140","33","40","2","3"
"370","9571y2013",9571,"Ansbach",2013,"537","146","186","8","21"
"371","9572y2013",9572,"Erlangen-Höchstadt",2013,"290","82","104","5","10"
"372","9573y2013",9573,"Fürth",2013,"215","71","87","0","13"
"373","9574y2013",9574,"Nürnberger Land",2013,"534","160","197","2","26"
"374","9575y2013",9575,"Neustadt a.d.Aisch-Bad Windsheim",2013,"268","99","118","3","10"
"375","9576y2013",9576,"Roth",2013,"304","91","116","1","17"
"376","9577y2013",9577,"Weißenburg-Gunzenhausen",2013,"351","84","106","1","12"
"377","9661y2013",9661,"Aschaffenburg",2013,"592","153","199","2","36"
"378","9662y2013",9662,"Schweinfurt",2013,"457","135","160","4","12"
"379","9663y2013",9663,"Würzburg",2013,"931","293","354","2","47"
"380","9671y2013",9671,"Aschaffenburg",2013,"408","84","111","6","15"
"381","9672y2013",9672,"Bad Kissingen",2013,"377","76","98","0","12"
"382","9673y2013",9673,"Rhön-Grabfeld",2013,"297","78","85","1","5"
"383","9674y2013",9674,"Haßberge",2013,"395","88","102","1","7"
"384","9675y2013",9675,"Kitzingen",2013,"270","74","93","3","15"
"385","9676y2013",9676,"Miltenberg",2013,"454","117","136","6","7"
"386","9677y2013",9677,"Main-Spessart",2013,"303","90","106","1","6"
"387","9678y2013",9678,"Schweinfurt",2013,"324","60","75","1","7"
"388","9679y2013",9679,"Würzburg",2013,"287","66","77","0","7"
"389","9761y2013",9761,"Augsburg",2013,"2500","560","719","7","125"
"390","9762y2013",9762,"Kaufbeuren",2013,"319","81","101","3","8"
"391","9763y2013",9763,"Kempten (Allgäu)",2013,"592","149","181","7","19"
"392","9764y2013",9764,"Memmingen",2013,"308","97","127","3","22"
"393","9771y2013",9771,"Aichach-Friedberg",2013,"292","93","112","3","10"
"394","9772y2013",9772,"Augsburg",2013,"824","185","218","2","19"
"395","9773y2013",9773,"Dillingen a.d.Donau",2013,"332","75","90","1","8"
"396","9774y2013",9774,"Günzburg",2013,"422","129","153","0","17"
"397","9775y2013",9775,"Neu-Ulm",2013,"807","217","273","3","44"
"398","9776y2013",9776,"Lindau (Bodensee)",2013,"209","70","99","3","20"
"399","9777y2013",9777,"Ostallgäu",2013,"435","109","128","1","9"
"400","9778y2013",9778,"Unterallgäu",2013,"412","123","140","4","9"
"401","9779y2013",9779,"Donau-Ries",2013,"465","96","114","2","11"
"402","9780y2013",9780,"Oberallgäu",2013,"478","99","119","4","8"
